{
  "name": "angular-bootstrap-colorpicker",
  "version": "3.0.5",
  "main": "js/bootstrap-colorpicker-module.js",
  "ignore": [
    "node_modules",
    "components",
    "bower_components",
    "test",
    "tests"
  ],
  "homepage": "https://github.com/buberdds/angular-bootstrap-colorpicker",
  "_release": "3.0.5",
  "_resolution": {
    "type": "version",
    "tag": "v3.0.5",
    "commit": "448e013dbc9c441ba60bc40d5dadebbb7216a9c0"
  },
  "_source": "git://github.com/buberdds/angular-bootstrap-colorpicker.git",
  "_target": "~3.0.5",
  "_originalSource": "angular-bootstrap-colorpicker",
  "_direct": true
}