{
  "name": "dropzone",
  "location": "enyo/dropzone",
  "version": "3.8.4",
  "description": "Dropzone is an easy to use drag'n'drop library. It supports image previews and shows nice progress bars.",
  "homepage": "http://www.dropzonejs.com",
  "main": [
    "downloads/css/dropzone.css",
    "downloads/dropzone.min.js"
  ],
  "ignore": [
    "/*",
    "!downloads/*"
  ],
  "_release": "3.8.4",
  "_resolution": {
    "type": "version",
    "tag": "v3.8.4",
    "commit": "7d162bd478ff593fd36998844ab4706fd54ff9ef"
  },
  "_source": "git://github.com/enyo/dropzone.git",
  "_target": "~3.8.4",
  "_originalSource": "dropzone",
  "_direct": true
}